{
  "wires_center": [
    [
      270.0,
      180.0,
      -162.0
    ],
    [
      270.0,
      0.0,
      -162.0
    ],
    [
      337.50000000000006,
      225.0,
      -177.74999999999994
    ],
    [
      270.0,
      169.2,
      -161.99999999999994
    ],
    [
      270.00000000000006,
      180.0,
      -161.99999999999994
    ]
  ],
  "cylinders_data": [
    {
      "location": [
        75.0,
        -0.001000000000001,
        -45.0
      ],
      "axis": [
        -0.0,
        1.0,
        -0.0
      ]
    },
    {
      "location": [
        75.0,
        -0.001000000000001,
        -45.0
      ],
      "axis": [
        -0.0,
        1.0,
        -0.0
      ]
    }
  ]
}